{
  "hash": "e7f11cf4",
  "configHash": "034e4063",
  "lockfileHash": "5001906d",
  "browserHash": "7fe25406",
  "optimized": {
    "@angular/core": {
      "src": "../../../../../node_modules/@angular/core/fesm2022/core.mjs",
      "file": "@angular_core.js",
      "fileHash": "d72b89b1",
      "needsInterop": false
    },
    "@angular/platform-browser": {
      "src": "../../../../../node_modules/@angular/platform-browser/fesm2022/platform-browser.mjs",
      "file": "@angular_platform-browser.js",
      "fileHash": "a5c909fe",
      "needsInterop": false
    },
    "@angular/router": {
      "src": "../../../../../node_modules/@angular/router/fesm2022/router.mjs",
      "file": "@angular_router.js",
      "fileHash": "4745766c",
      "needsInterop": false
    },
    "@angular/common": {
      "src": "../../../../../node_modules/@angular/common/fesm2022/common.mjs",
      "file": "@angular_common.js",
      "fileHash": "a2e48738",
      "needsInterop": false
    }
  },
  "chunks": {
    "chunk-KXGEEABP": {
      "file": "chunk-KXGEEABP.js"
    },
    "chunk-D4CVIIVF": {
      "file": "chunk-D4CVIIVF.js"
    },
    "chunk-4SRVQOJF": {
      "file": "chunk-4SRVQOJF.js"
    }
  }
}